[
  {"model": "posts.category", "pk": 1, "fields": {"name": "Digital Strategy", "slug": "digital-strategy", "description": "Latest trends and strategies in digital marketing."}},
  {"model": "posts.category", "pk": 2, "fields": {"name": "Web Development", "slug": "web-development", "description": "Frontend and backend insights."}},
  {"model": "posts.category", "pk": 3, "fields": {"name": "Branding", "slug": "branding", "description": "Build your brand with expert advice."}},
  {"model": "posts.category", "pk": 4, "fields": {"name": "E-commerce", "slug": "e-commerce", "description": "Grow your online store."}},
  {"model": "posts.category", "pk": 5, "fields": {"name": "Mobile Apps", "slug": "mobile-apps", "description": "Mobile strategy & development."}},
  {"model": "posts.tag", "pk": 1, "fields": {"name": "SEO"}},
  {"model": "posts.tag", "pk": 2, "fields": {"name": "UX/UI"}},
  {"model": "posts.tag", "pk": 3, "fields": {"name": "Growth"}},
  {"model": "posts.tag", "pk": 4, "fields": {"name": "AI"}},
  {"model": "posts.tag", "pk": 5, "fields": {"name": "Branding"}},
  {"model": "posts.tag", "pk": 6, "fields": {"name": "Web3"}},
  {"model": "posts.tag", "pk": 7, "fields": {"name": "Strategy"}},
  {"model": "posts.tag", "pk": 8, "fields": {"name": "E-commerce"}},
  {"model": "posts.tag", "pk": 9, "fields": {"name": "Automation"}},
  {"model": "posts.tag", "pk": 10, "fields": {"name": "Leadership"}},
  {"model": "posts.author", "pk": 1, "fields": {"user": 1, "avatar": "", "bio": "Founder & Lead Consultant at Maindo Digital Agency.", "linkedin": "https://linkedin.com/in/maindo", "twitter": "https://twitter.com/maindodigital"}},

  {"model": "posts.post", "pk": 1, "fields": {"author": 1, "title": "2025 Digital Marketing Trends", "content": "<h2>Top Trends</h2><ul><li>AI-driven SEO</li></ul><p>Stay ahead with the latest strategies.</p>", "markdown": "", "image": "", "published_date": "2025-07-01T09:00:00Z", "status": "published", "category": 1, "featured": true, "views": 125, "updated_at": "2025-07-01T09:00:00Z", "created_at": "2025-07-01T08:30:00Z", "newsletter_sent": true, "tags": [1,4,7]}},
  {"model": "posts.post", "pk": 2, "fields": {"author": 1, "title": "Build a High-Converting Website in 2025", "content": "<h2>Web Essentials</h2><p>User-centric design is must-have for business websites.</p>", "markdown": "", "image": "", "published_date": "2025-07-02T11:00:00Z", "status": "published", "category": 2, "featured": false, "views": 104, "updated_at": "2025-07-02T11:00:00Z", "created_at": "2025-07-02T10:50:00Z", "newsletter_sent": false, "tags": [2,3]}},
  {"model": "posts.post", "pk": 3, "fields": {"author": 1, "title": "Brand Storytelling for Digital Agencies", "content": "<h2>Make Your Agency Stand Out</h2><p>Authentic stories build connection and trust.</p>", "markdown": "", "image": "", "published_date": "2025-07-03T12:00:00Z", "status": "published", "category": 3, "featured": false, "views": 88, "updated_at": "2025-07-03T12:00:00Z", "created_at": "2025-07-03T11:50:00Z", "newsletter_sent": false, "tags": [5,7]}},
  {"model": "posts.post", "pk": 4, "fields": {"author": 1, "title": "SEO in 2025: What’s New?", "content": "<p>Focus on quality content, E-E-A-T, and site speed for real results.</p>", "markdown": "", "image": "", "published_date": "2025-07-04T10:00:00Z", "status": "published", "category": 1, "featured": false, "views": 97, "updated_at": "2025-07-04T10:00:00Z", "created_at": "2025-07-04T09:50:00Z", "newsletter_sent": false, "tags": [1,3]}},
  {"model": "posts.post", "pk": 5, "fields": {"author": 1, "title": "How to Automate Lead Generation", "content": "<p>Save time and grow faster with smart automation tools.</p>", "markdown": "", "image": "", "published_date": "2025-07-05T09:00:00Z", "status": "published", "category": 1, "featured": false, "views": 78, "updated_at": "2025-07-05T09:00:00Z", "created_at": "2025-07-05T08:30:00Z", "newsletter_sent": false, "tags": [3,9]}},
  {"model": "posts.post", "pk": 6, "fields": {"author": 1, "title": "Top Web Design Mistakes in 2025", "content": "<ul><li>Slow loading</li><li>Cluttered UI</li></ul>", "markdown": "", "image": "", "published_date": "2025-07-06T14:00:00Z", "status": "published", "category": 2, "featured": false, "views": 56, "updated_at": "2025-07-06T14:00:00Z", "created_at": "2025-07-06T13:50:00Z", "newsletter_sent": false, "tags": [2]}},
  {"model": "posts.post", "pk": 7, "fields": {"author": 1, "title": "E-commerce Growth Strategies for SMEs", "content": "<h2>Growth Hacks</h2><p>See what works for scaling your store in South Africa.</p>", "markdown": "", "image": "", "published_date": "2025-07-07T08:00:00Z", "status": "published", "category": 4, "featured": false, "views": 77, "updated_at": "2025-07-07T08:00:00Z", "created_at": "2025-07-07T07:40:00Z", "newsletter_sent": false, "tags": [8,3]}},
  {"model": "posts.post", "pk": 8, "fields": {"author": 1, "title": "How AI is Changing Content Marketing", "content": "<p>From chatbots to content generation, AI is here to stay.</p>", "markdown": "", "image": "", "published_date": "2025-07-08T13:00:00Z", "status": "published", "category": 1, "featured": false, "views": 61, "updated_at": "2025-07-08T13:00:00Z", "created_at": "2025-07-08T12:45:00Z", "newsletter_sent": false, "tags": [4,7]}},
  {"model": "posts.post", "pk": 9, "fields": {"author": 1, "title": "Branding Mistakes to Avoid in 2025", "content": "<ul><li>No unique voice</li><li>Inconsistent visuals</li></ul>", "markdown": "", "image": "", "published_date": "2025-07-09T11:00:00Z", "status": "published", "category": 3, "featured": false, "views": 69, "updated_at": "2025-07-09T11:00:00Z", "created_at": "2025-07-09T10:40:00Z", "newsletter_sent": false, "tags": [5]}},
  {"model": "posts.post", "pk": 10, "fields": {"author": 1, "title": "How to Plan a Successful Mobile App", "content": "<h3>From Idea to Launch</h3><p>Start with user needs and iterate fast.</p>", "markdown": "", "image": "", "published_date": "2025-07-10T14:00:00Z", "status": "published", "category": 5, "featured": false, "views": 54, "updated_at": "2025-07-10T14:00:00Z", "created_at": "2025-07-10T13:45:00Z", "newsletter_sent": false, "tags": [2,4]}},
  {"model": "posts.post", "pk": 11, "fields": {"author": 1, "title": "Leadership in Digital Agencies", "content": "<p>Empower your team and foster a culture of innovation.</p>", "markdown": "", "image": "", "published_date": "2025-07-11T08:00:00Z", "status": "published", "category": 1, "featured": false, "views": 72, "updated_at": "2025-07-11T08:00:00Z", "created_at": "2025-07-11T07:30:00Z", "newsletter_sent": false, "tags": [10]}},
  {"model": "posts.post", "pk": 12, "fields": {"author": 1, "title": "UX/UI Tips for 2025", "content": "<ul><li>Microinteractions</li><li>Personalization</li></ul>", "markdown": "", "image": "", "published_date": "2025-07-12T11:00:00Z", "status": "published", "category": 2, "featured": false, "views": 68, "updated_at": "2025-07-12T11:00:00Z", "created_at": "2025-07-12T10:40:00Z", "newsletter_sent": false, "tags": [2]}},
  {"model": "posts.post", "pk": 13, "fields": {"author": 1, "title": "Future of Web3 in Africa", "content": "<p>What can agencies do to lead in blockchain adoption?</p>", "markdown": "", "image": "", "published_date": "2025-07-13T09:00:00Z", "status": "published", "category": 1, "featured": false, "views": 48, "updated_at": "2025-07-13T09:00:00Z", "created_at": "2025-07-13T08:50:00Z", "newsletter_sent": false, "tags": [6,7]}},
  {"model": "posts.post", "pk": 14, "fields": {"author": 1, "title": "Content that Sells: E-commerce Copywriting", "content": "<p>Turn visitors into buyers with conversion-focused copy.</p>", "markdown": "", "image": "", "published_date": "2025-07-14T10:00:00Z", "status": "published", "category": 4, "featured": false, "views": 73, "updated_at": "2025-07-14T10:00:00Z", "created_at": "2025-07-14T09:50:00Z", "newsletter_sent": false, "tags": [8]}},
  {"model": "posts.post", "pk": 15, "fields": {"author": 1, "title": "5 Essential Branding Tools for Startups", "content": "<ul><li>Canva</li><li>Looka</li><li>Figma</li></ul>", "markdown": "", "image": "", "published_date": "2025-07-15T14:00:00Z", "status": "published", "category": 3, "featured": false, "views": 41, "updated_at": "2025-07-15T14:00:00Z", "created_at": "2025-07-15T13:45:00Z", "newsletter_sent": false, "tags": [5]}},
  {"model": "posts.post", "pk": 16, "fields": {"author": 1, "title": "Optimizing Mobile UX for Conversions", "content": "<p>Simple navigation and fast load times drive mobile growth.</p>", "markdown": "", "image": "", "published_date": "2025-07-16T08:00:00Z", "status": "published", "category": 5, "featured": false, "views": 33, "updated_at": "2025-07-16T08:00:00Z", "created_at": "2025-07-16T07:40:00Z", "newsletter_sent": false, "tags": [2,3]}},
  {"model": "posts.post", "pk": 17, "fields": {"author": 1, "title": "The Rise of Automation in Marketing", "content": "<p>Marketing automation is the backbone of modern agencies.</p>", "markdown": "", "image": "", "published_date": "2025-07-17T11:00:00Z", "status": "published", "category": 1, "featured": false, "views": 49, "updated_at": "2025-07-17T11:00:00Z", "created_at": "2025-07-17T10:50:00Z", "newsletter_sent": false, "tags": [9,3]}},
  {"model": "posts.post", "pk": 18, "fields": {"author": 1, "title": "Why Responsive Web Design Still Matters", "content": "<p>One codebase, all devices: the timeless web principle.</p>", "markdown": "", "image": "", "published_date": "2025-07-18T13:00:00Z", "status": "published", "category": 2, "featured": false, "views": 52, "updated_at": "2025-07-18T13:00:00Z", "created_at": "2025-07-18T12:45:00Z", "newsletter_sent": false, "tags": [2]}},
  {"model": "posts.post", "pk": 19, "fields": {"author": 1, "title": "Growth Hacking Your Brand in 2025", "content": "<h2>Smart Growth</h2><p>Unlock unconventional ways to boost reach this year.</p>", "markdown": "", "image": "", "published_date": "2025-07-19T14:00:00Z", "status": "published", "category": 3, "featured": false, "views": 37, "updated_at": "2025-07-19T14:00:00Z", "created_at": "2025-07-19T13:50:00Z", "newsletter_sent": false, "tags": [3,5]}},
  {"model": "posts.post", "pk": 20, "fields": {"author": 1, "title": "How to Start an E-commerce Store in South Africa", "content": "<p>Learn local rules, select platforms, and grow your online shop.</p>", "markdown": "", "image": "", "published_date": "2025-07-20T09:00:00Z", "status": "published", "category": 4, "featured": false, "views": 59, "updated_at": "2025-07-20T09:00:00Z", "created_at": "2025-07-20T08:30:00Z", "newsletter_sent": false, "tags": [8]}},
  {"model": "posts.post", "pk": 21, "fields": {"author": 1, "title": "The Power of Personalization in Marketing", "content": "<ul><li>Dynamic content</li><li>Customer segmentation</li></ul>", "markdown": "", "image": "", "published_date": "2025-07-21T11:00:00Z", "status": "published", "category": 1, "featured": false, "views": 61, "updated_at": "2025-07-21T11:00:00Z", "created_at": "2025-07-21T10:50:00Z", "newsletter_sent": false, "tags": [7,4]}},
  {"model": "posts.post", "pk": 22, "fields": {"author": 1, "title": "Using AI for Predictive Analytics", "content": "<p>Forecast customer behavior and trends with AI tools.</p>", "markdown": "", "image": "", "published_date": "2025-07-22T10:00:00Z", "status": "published", "category": 1, "featured": false, "views": 58, "updated_at": "2025-07-22T10:00:00Z", "created_at": "2025-07-22T09:50:00Z", "newsletter_sent": false, "tags": [4]}},
  {"model": "posts.post", "pk": 23, "fields": {"author": 1, "title": "Building a Strong Agency Culture", "content": "<p>How values and vision power your digital team.</p>", "markdown": "", "image": "", "published_date": "2025-07-23T14:00:00Z", "status": "published", "category": 1, "featured": false, "views": 50, "updated_at": "2025-07-23T14:00:00Z", "created_at": "2025-07-23T13:45:00Z", "newsletter_sent": false, "tags": [10,7]}},
  {"model": "posts.post", "pk": 24, "fields": {"author": 1, "title": "How to Make Your Brand Unforgettable", "content": "<p>Emotion, repetition, and consistency build iconic brands.</p>", "markdown": "", "image": "", "published_date": "2025-07-24T08:00:00Z", "status": "published", "category": 3, "featured": false, "views": 49, "updated_at": "2025-07-24T08:00:00Z", "created_at": "2025-07-24T07:40:00Z", "newsletter_sent": false, "tags": [5,3]}},
  {"model": "posts.post", "pk": 25, "fields": {"author": 1, "title": "Mobile App Development Pitfalls", "content": "<p>Avoid these mistakes to save time and money on your next project.</p>", "markdown": "", "image": "", "published_date": "2025-07-25T12:00:00Z", "status": "published", "category": 5, "featured": false, "views": 34, "updated_at": "2025-07-25T12:00:00Z", "created_at": "2025-07-25T11:50:00Z", "newsletter_sent": false, "tags": [4,2]}},
  {"model": "posts.post", "pk": 26, "fields": {"author": 1, "title": "E-commerce UX: Cart to Checkout", "content": "<p>Reduce abandoned carts with a frictionless checkout journey.</p>", "markdown": "", "image": "", "published_date": "2025-07-26T10:00:00Z", "status": "published", "category": 4, "featured": false, "views": 39, "updated_at": "2025-07-26T10:00:00Z", "created_at": "2025-07-26T09:50:00Z", "newsletter_sent": false, "tags": [8,2]}},
  {"model": "posts.post", "pk": 27, "fields": {"author": 1, "title": "Why Your Agency Needs a Blog", "content": "<p>Thought leadership drives new business and trust.</p>", "markdown": "", "image": "", "published_date": "2025-07-27T13:00:00Z", "status": "published", "category": 1, "featured": false, "views": 46, "updated_at": "2025-07-27T13:00:00Z", "created_at": "2025-07-27T12:45:00Z", "newsletter_sent": false, "tags": [7,1]}},
  {"model": "posts.post", "pk": 28, "fields": {"author": 1, "title": "The Case for Serverless Websites", "content": "<p>Serverless means more speed, less cost. Here's how it works.</p>", "markdown": "", "image": "", "published_date": "2025-07-28T09:00:00Z", "status": "published", "category": 2, "featured": false, "views": 38, "updated_at": "2025-07-28T09:00:00Z", "created_at": "2025-07-28T08:50:00Z", "newsletter_sent": false, "tags": [2]}},
  {"model": "posts.post", "pk": 29, "fields": {"author": 1, "title": "The Business Value of UX Audits", "content": "<ul><li>Spot growth opportunities</li><li>Delight your users</li></ul>", "markdown": "", "image": "", "published_date": "2025-07-29T10:00:00Z", "status": "published", "category": 2, "featured": false, "views": 40, "updated_at": "2025-07-29T10:00:00Z", "created_at": "2025-07-29T09:50:00Z", "newsletter_sent": false, "tags": [2,3]}},
  {"model": "posts.post", "pk": 30, "fields": {"author": 1, "title": "Smart Content Planning for Busy Marketers", "content": "<p>Work smarter, not harder. Batch your content for impact.</p>", "markdown": "", "image": "", "published_date": "2025-07-30T11:00:00Z", "status": "published", "category": 1, "featured": false, "views": 54, "updated_at": "2025-07-30T11:00:00Z", "created_at": "2025-07-30T10:40:00Z", "newsletter_sent": false, "tags": [7,9]}},
  {"model": "posts.post", "pk": 31, "fields": {"author": 1, "title": "Using Google Analytics 4 Effectively", "content": "<p>Get actionable data, not just numbers, with GA4.</p>", "markdown": "", "image": "", "published_date": "2025-07-31T13:00:00Z", "status": "published", "category": 1, "featured": false, "views": 33, "updated_at": "2025-07-31T13:00:00Z", "created_at": "2025-07-31T12:45:00Z", "newsletter_sent": false, "tags": [7,1]}},
  {"model": "posts.post", "pk": 32, "fields": {"author": 1, "title": "Modern Leadership for Remote Teams", "content": "<p>Trust, autonomy, and results-driven culture for the win.</p>", "markdown": "", "image": "", "published_date": "2025-08-01T09:00:00Z", "status": "published", "category": 1, "featured": false, "views": 42, "updated_at": "2025-08-01T09:00:00Z", "created_at": "2025-08-01T08:30:00Z", "newsletter_sent": false, "tags": [10,7]}},
  {"model": "posts.post", "pk": 33, "fields": {"author": 1, "title": "Headless CMS vs Traditional CMS", "content": "<p>What agencies need to know before building the next site.</p>", "markdown": "", "image": "", "published_date": "2025-08-02T11:00:00Z", "status": "published", "category": 2, "featured": false, "views": 39, "updated_at": "2025-08-02T11:00:00Z", "created_at": "2025-08-02T10:50:00Z", "newsletter_sent": false, "tags": [2,3]}},
  {"model": "posts.post", "pk": 34, "fields": {"author": 1, "title": "Customer Retention Tactics for 2025", "content": "<p>Surprise, reward, and communicate. It’s that simple.</p>", "markdown": "", "image": "", "published_date": "2025-08-03T13:00:00Z", "status": "published", "category": 4, "featured": false, "views": 43, "updated_at": "2025-08-03T13:00:00Z", "created_at": "2025-08-03T12:45:00Z", "newsletter_sent": false, "tags": [8,3]}},
  {"model": "posts.post", "pk": 35, "fields": {"author": 1, "title": "Crafting Better Call-To-Actions", "content": "<p>Boost clicks with clear, value-driven CTAs in every campaign.</p>", "markdown": "", "image": "", "published_date": "2025-08-04T09:00:00Z", "status": "published", "category": 1, "featured": false, "views": 38, "updated_at": "2025-08-04T09:00:00Z", "created_at": "2025-08-04T08:30:00Z", "newsletter_sent": false, "tags": [3,7]}}
]
