[{"model": "information.image", "pk": 1, "fields": {"image": "carousel_images/3.webp"}}, {"model": "information.image", "pk": 2, "fields": {"image": "carousel_images/DALLE_2024-05-02_20.45.43_-_Create_a_carousel_background_image_for_the_topic_Digital_Marketing._Depict_a_vibrant_office_setting_with_a_diverse_team_of_professionals_strategizin.webp"}}, {"model": "information.image", "pk": 3, "fields": {"image": "carousel_images/2t.webp"}}, {"model": "information.image", "pk": 4, "fields": {"image": "carousel_images/DALLE_2024-05-02_21.00.58_-_Create_a_carousel_background_image_for_the_topic_Web_Development._Illustrate_a_programmer_coding_in_a_modern_workspace_with_dual_monitors_displaying.webp"}}, {"model": "information.image", "pk": 5, "fields": {"image": "carousel_images/ts.webp"}}, {"model": "information.image", "pk": 6, "fields": {"image": "carousel_images/3_VDThNxG.webp"}}, {"model": "information.image", "pk": 7, "fields": {"image": "carousel_images/t3.webp"}}, {"model": "information.carousel", "pk": 1, "fields": {"title": "Mastering Digital Marketing: Strategies for Success", "sub_title": "Unlock the full potential of online marketing tools and techniques to elevate your brand and increas", "image": [2, 3]}}, {"model": "information.carousel", "pk": 2, "fields": {"title": "Web Development Essentials: From Concept to Launch", "sub_title": "Learn the skills to build engaging, responsive websites that captivate users and drive business grow", "image": [4]}}, {"model": "information.carousel", "pk": 3, "fields": {"title": "UX Design Foundations: Crafting Memorable User Experiences", "sub_title": "Explore the art and science of creating intuitive and impactful user interfaces that turn visitors i", "image": [6, 7]}}, {"model": "information.aboutus", "pk": 1, "fields": {"title": "Maindo", "logo": "logo/Maindo_1.png", "backgroundImage": "Back_logo/3.webp", "backgroundApp": "Back_logo/3_Pvmiqjk.webp", "about": "<p>About Us</p><p style=\"margin-left:0px;\"><strong>Welcome to Maindo Digital Agency,</strong> where your digital journey transforms into measurable success. Established in 5 years, we specialize in delivering comprehensive digital solutions across various key industries. Our mission is simple: to elevate your business in the digital domain and ensure your ventures thrive in a competitive landscape.</p><p style=\"margin-left:0px;\"><strong>Our Expertise:</strong></p><ul><li><p style=\"margin-left:0px;\"><strong>Digital Marketing:</strong> From SEO and PPC to social media and content marketing, our tailored online strategies ensure your brand stands out.</p></li><li><p style=\"margin-left:0px;\"><strong>Web Development:</strong> We create robust, scalable websites and e-commerce platforms designed for the digital age.</p></li><li><p style=\"margin-left:0px;\"><strong>Digital Transformation:</strong> Helping your business pivot smoothly to digital, incorporating cutting-edge strategies and technologies.</p></li><li><p style=\"margin-left:0px;\"><strong>Branding and Creative:</strong> We forge memorable brands and compelling visual narratives that resonate deeply with audiences.</p></li><li><p style=\"margin-left:0px;\"><strong>UX/UI Design:</strong> Our designs prioritize user experience, making digital interactions intuitive and engaging.</p></li><li><p style=\"margin-left:0px;\"><strong>E-commerce Solutions:</strong> We optimize your online stores to enhance user experience and maximize sales.</p></li><li><p style=\"margin-left:0px;\"><strong>Mobile App Development:</strong> Our custom mobile applications deliver seamless functionality and aesthetics on both iOS and Android platforms.</p></li><li><p style=\"margin-left:0px;\"><strong>Social Media Management:</strong> We craft dynamic social media strategies that amplify your message and engage with your target audience.</p></li><li><p style=\"margin-left:0px;\"><strong>Data Analytics and Insights:</strong> Leveraging data to drive strategic decision-making and refine marketing efforts.</p></li><li><p style=\"margin-left:0px;\"><strong>Digital Strategy and Consulting:</strong> Providing expert advice to navigate the complexities of digital growth and strategy.</p></li></ul><p style=\"margin-left:0px;\"><strong>Why Choose Maindo?</strong></p><ul><li><p style=\"margin-left:0px;\"><strong>Proactive Partnership:</strong> We collaborate closely with our clients, ensuring solutions perfectly align with their business goals.</p></li><li><p style=\"margin-left:0px;\"><strong>Innovation and Creativity:</strong> At the heart of Maindo is a commitment to innovation, constantly seeking new and improved ways to deliver digital solutions.</p></li><li><p style=\"margin-left:0px;\"><strong>Results-Driven:</strong> We believe in accountability and results. Each project is monitored for effectiveness and adjusted for optimal performance.</p></li></ul><p style=\"margin-left:0px;\"><strong>Embark on Your Digital Transformation with Maindo Digital Agency.</strong> Experience a partnership that drives actual results and positions your business at the forefront of its industry.</p><pre><code class=\"language-plaintext\">                          ┌────────────┐\r\n                          │ CEO/Founder │\r\n                          └──────┬──────┘\r\n               ┌─────────────┬───────────────┬─────────────┐\r\n               │             │               │             │\r\n     ┌──────────────┐ ┌──────────────┐ ┌──────────────┐ ┌──────────────┐\r\n     │Finance Manager│ │Creative      │ │Project       │ │Legal Advisor │\r\n     │/CFO           │ │Director      │ │Manager       │ │(Consultant)  │\r\n     └──────┬────────┘ └──────┬──────┘ └──────┬──────┘ └──────┬───────┘\r\n            │                 │               │               │\r\n┌───────────────┐     ┌──────────────┐ ┌───────────────┐ ┌──────────────┐\r\n│Accounting and │     │Web Developer/│ │Account        │ │Contract and  │\r\n│Payroll       │     │Designer      │ │Manager        │ │IP Management │\r\n└───────────────┘     └──────────────┘ └───────────────┘ └──────────────┘\r\n                      │               │\r\n             ┌────────┴────────┐ ┌────┴────────┐\r\n             │Mobile Developer│ │Digital       │\r\n             └────────────────┘ │Marketing     │\r\n                                │Specialist    │\r\n                                └──────────────┘\r\n                      │\r\n             ┌────────┴────────┐\r\n             │Content Creator  │\r\n             └─────────────────┘\r\n</code></pre><p><br>&nbsp;</p>", "born_date": "2018-05-26", "address": "21 Royal Road", "phone": "0842368752", "email": "support@maindodigital.com", "github": null, "linkedin": "http://www.linkedin.com/in/aki-tens-524208307", "facebook": "https://www.facebook.com/profile.php?id=100064260332114", "twitter": "https://twitter.com/tens_aki", "instagram": "https://www.instagram.com/aki_tens01?igsh=MXVlaDNtMHYyN2FjeQ=="}}, {"model": "information.team", "pk": 1, "fields": {"name": "Ludmil Avelino", "title": "CO Founder", "bio": "every thing gets well at the end", "image": "chef/Screenshot_2024-04-29_at_14.46.24.png", "github": "https://github.com/ludmilpaulo/", "linkedin": "https://github.com/ludmilpaulo/", "facebook": "https://github.com/ludmilpaulo/", "twitter": "https://github.com/ludmilpaulo/", "instagram": "https://github.com/ludmilpaulo/"}}, {"model": "information.team", "pk": 2, "fields": {"name": "Mauo Cunha", "title": "Content creato", "bio": "every thing gets well at the end", "image": "chef/Screenshot_2024-04-30_at_14.52.46.png", "github": "https://github.com/ludmilpaulo/", "linkedin": "https://github.com/ludmilpaulo/", "facebook": "https://github.com/ludmilpaulo/", "twitter": "https://github.com/ludmilpaulo/", "instagram": "https://github.com/ludmilpaulo/"}}, {"model": "information.team", "pk": 3, "fields": {"name": "Ludmil Avelino", "title": "software", "bio": "Content Creator", "image": "chef/Screenshot_2024-04-30_at_16.21.21.png", "github": "https://github.com/ludmilpaulo/", "linkedin": "https://github.com/ludmilpaulo/", "facebook": "https://github.com/ludmilpaulo/", "twitter": "https://github.com/ludmilpaulo/", "instagram": "https://github.com/ludmilpaulo/"}}, {"model": "information.team", "pk": 4, "fields": {"name": "Maindo", "title": "CEO/Founder", "bio": "my slogan", "image": "chef/Screenshot_2024-05-02_at_11.28.05.png", "github": "https://github.com/ludmilpaulo/", "linkedin": "https://github.com/ludmilpaulo/", "facebook": "https://github.com/ludmilpaulo/", "twitter": "https://github.com/ludmilpaulo/", "instagram": "https://github.com/ludmilpaulo/"}}, {"model": "careers.career", "pk": 1, "fields": {"title": "CEO/Founder", "description": "<ul class=\"todo-list\"><li><label class=\"todo-list__label\"><input type=\"checkbox\" checked=\"checked\" disabled=\"disabled\"><span class=\"todo-list__label__description\"><span class=\"text-big\" style=\"background-color:rgb(255,255,255);color:hsl(0, 0%, 0%);font-family:Arial, Helvetica, sans-serif;\">As the CEO, you will lead the agency, setting strategic goals and driving business growth.&nbsp;</span></span></label></li><li><label class=\"todo-list__label\"><input type=\"checkbox\" checked=\"checked\" disabled=\"disabled\"><span class=\"todo-list__label__description\"><span class=\"text-big\" style=\"background-color:rgb(255,255,255);color:hsl(0, 0%, 0%);font-family:Arial, Helvetica, sans-serif;\">Your visionary leadership will guide our team toward achieving excellence in digital solutions.&nbsp;</span></span></label></li><li><label class=\"todo-list__label\"><input type=\"checkbox\" checked=\"checked\" disabled=\"disabled\"><span class=\"todo-list__label__description\"><span class=\"text-big\" style=\"background-color:rgb(255,255,255);color:hsl(0, 0%, 0%);font-family:Arial, Helvetica, sans-serif;\">Prior experience in digital marketing or business management is essential. &nbsp;&nbsp;<strong> &nbsp; &nbsp; &nbsp; &nbsp; &nbsp; &nbsp; &nbsp; &nbsp; &nbsp; &nbsp; &nbsp; &nbsp; &nbsp; &nbsp; &nbsp; &nbsp; &nbsp; &nbsp; &nbsp; &nbsp; &nbsp; &nbsp; &nbsp; &nbsp; &nbsp; &nbsp; &nbsp; &nbsp; &nbsp; &nbsp; &nbsp; &nbsp; &nbsp; &nbsp; &nbsp; &nbsp; &nbsp; &nbsp; &nbsp; &nbsp; &nbsp; &nbsp; &nbsp; &nbsp; &nbsp; &nbsp; &nbsp; &nbsp; &nbsp; &nbsp; &nbsp; &nbsp; &nbsp; &nbsp; &nbsp; &nbsp; &nbsp; &nbsp; &nbsp; &nbsp; &nbsp; &nbsp; &nbsp; &nbsp; &nbsp; &nbsp; &nbsp; &nbsp; &nbsp; &nbsp; &nbsp; &nbsp; &nbsp; &nbsp; &nbsp; &nbsp; &nbsp; &nbsp; &nbsp; &nbsp; &nbsp; &nbsp; &nbsp; &nbsp; &nbsp; &nbsp; &nbsp; &nbsp; &nbsp; &nbsp; &nbsp; &nbsp; &nbsp; &nbsp; &nbsp; &nbsp; &nbsp; &nbsp; &nbsp; &nbsp; &nbsp; &nbsp; &nbsp; &nbsp; &nbsp; &nbsp; &nbsp; &nbsp; &nbsp; &nbsp;</strong></span></span></label></li></ul>"}}, {"model": "careers.career", "pk": 2, "fields": {"title": "Business Development Manager", "description": "<ul class=\"todo-list\"><li><label class=\"todo-list__label\"><input type=\"checkbox\" checked=\"checked\" disabled=\"disabled\"><span class=\"todo-list__label__description\"><span class=\"text-big\" style=\"background-color:rgb(255,255,255);color:rgb(13,13,13);font-family:Arial, Helvetica, sans-serif;\">We seek a proactive Business Development Manager to expand our client base and increase revenue streams.&nbsp;</span></span></label></li><li><label class=\"todo-list__label\"><input type=\"checkbox\" checked=\"checked\" disabled=\"disabled\"><span class=\"todo-list__label__description\"><span class=\"text-big\" style=\"background-color:rgb(255,255,255);color:rgb(13,13,13);font-family:Arial, Helvetica, sans-serif;\">Your role involves identifying new business opportunities, negotiating deals, and maintaining fruitful client relationships.&nbsp;</span></span></label></li><li><label class=\"todo-list__label\"><input type=\"checkbox\" checked=\"checked\" disabled=\"disabled\"><span class=\"todo-list__label__description\"><span class=\"text-big\" style=\"background-color:rgb(255,255,255);color:rgb(13,13,13);font-family:Arial, Helvetica, sans-serif;\">Strong interpersonal skills and a proven sales track record are required.</span></span></label></li></ul>"}}, {"model": "careers.career", "pk": 3, "fields": {"title": "Creative Director", "description": "<ul class=\"todo-list\"><li><label class=\"todo-list__label\"><input type=\"checkbox\" checked=\"checked\" disabled=\"disabled\"><span class=\"todo-list__label__description\"><span class=\"text-big\" style=\"background-color:rgb(255,255,255);color:rgb(13,13,13);font-family:Arial, Helvetica, sans-serif;\">Join us as a Creative Director to oversee our creative operations.&nbsp;</span></span></label></li><li><label class=\"todo-list__label\"><input type=\"checkbox\" checked=\"checked\" disabled=\"disabled\"><span class=\"todo-list__label__description\"><span class=\"text-big\" style=\"background-color:rgb(255,255,255);color:rgb(13,13,13);font-family:Arial, Helvetica, sans-serif;\">You will guide the creative process, develop innovative concepts, and ensure all visual and textual content aligns with client goals.&nbsp;</span></span></label></li><li><label class=\"todo-list__label\"><input type=\"checkbox\" checked=\"checked\" disabled=\"disabled\"><span class=\"todo-list__label__description\"><span class=\"text-big\" style=\"background-color:rgb(255,255,255);color:rgb(13,13,13);font-family:Arial, Helvetica, sans-serif;\">Expertise in design software and a solid understanding of branding and user experiences are crucial.</span></span></label></li></ul>"}}, {"model": "careers.career", "pk": 4, "fields": {"title": "Digital Marketing Specialist", "description": "<ul class=\"todo-list\"><li><label class=\"todo-list__label\"><input type=\"checkbox\" checked=\"checked\" disabled=\"disabled\"><span class=\"todo-list__label__description\"><span class=\"text-big\" style=\"background-color:rgb(255,255,255);color:rgb(13,13,13);font-family:Arial, Helvetica, sans-serif;\">As a Digital Marketing Specialist, you will craft and execute marketing strategies that effectively promote our clients' brands.&nbsp;</span></span></label></li><li><label class=\"todo-list__label\"><input type=\"checkbox\" checked=\"checked\" disabled=\"disabled\"><span class=\"todo-list__label__description\"><span class=\"text-big\" style=\"background-color:rgb(255,255,255);color:rgb(13,13,13);font-family:Arial, Helvetica, sans-serif;\">It would help if you were skilled in SEO, PPC, social media, and analytics tools, with a knack for crafting compelling marketing messages.</span></span></label></li></ul>"}}, {"model": "careers.career", "pk": 5, "fields": {"title": "Web Developer/Designer", "description": "<ul class=\"todo-list\"><li><label class=\"todo-list__label\"><input type=\"checkbox\" checked=\"checked\" disabled=\"disabled\"><span class=\"todo-list__label__description\"><span class=\"text-big\" style=\"background-color:rgb(255,255,255);color:rgb(13,13,13);font-family:Arial, Helvetica, sans-serif;\">We need a skilled Web Developer/Designer to create functional and attractive websites for our clients.&nbsp;</span></span></label></li><li><label class=\"todo-list__label\"><input type=\"checkbox\" checked=\"checked\" disabled=\"disabled\"><span class=\"todo-list__label__description\"><span class=\"text-big\" style=\"background-color:rgb(255,255,255);color:rgb(13,13,13);font-family:Arial, Helvetica, sans-serif;\">You should have strong skills in HTML, CSS, and JavaScript, and familiarity with CMS platforms.&nbsp;</span></span></label></li><li><label class=\"todo-list__label\"><input type=\"checkbox\" checked=\"checked\" disabled=\"disabled\"><span class=\"todo-list__label__description\"><span class=\"text-big\" style=\"background-color:rgb(255,255,255);color:rgb(13,13,13);font-family:Arial, Helvetica, sans-serif;\">Experience in responsive and adaptive design is highly advantageous.</span></span></label></li></ul>"}}, {"model": "careers.career", "pk": 6, "fields": {"title": "Content Writer", "description": "<ul class=\"todo-list\"><li><label class=\"todo-list__label\"><input type=\"checkbox\" checked=\"checked\" disabled=\"disabled\"><span class=\"todo-list__label__description\"><span class=\"text-big\" style=\"background-color:rgb(255,255,255);color:rgb(13,13,13);font-family:Arial, Helvetica, sans-serif;\">Our agency seeks a creative Content Writer to produce engaging and high-quality content for digital platforms including blogs, social media, and websites.&nbsp;</span></span></label></li><li><label class=\"todo-list__label\"><input type=\"checkbox\" checked=\"checked\" disabled=\"disabled\"><span class=\"todo-list__label__description\"><span class=\"text-big\" style=\"background-color:rgb(255,255,255);color:rgb(13,13,13);font-family:Arial, Helvetica, sans-serif;\">Excellent writing skills, creativity, and the ability to produce well-researched content under tight deadlines are required.</span></span></label></li></ul>"}}, {"model": "careers.career", "pk": 7, "fields": {"title": "Account Manager", "description": "<ul class=\"todo-list\"><li><label class=\"todo-list__label\"><input type=\"checkbox\" checked=\"checked\" disabled=\"disabled\"><span class=\"todo-list__label__description\"><span class=\"text-big\" style=\"background-color:rgb(255,255,255);color:rgb(13,13,13);font-family:Arial, Helvetica, sans-serif;\">As an Account Manager, you will be the primary point of contact for our clients, ensuring their satisfaction and managing day-to-day project needs.&nbsp;</span></span></label></li><li><label class=\"todo-list__label\"><input type=\"checkbox\" checked=\"checked\" disabled=\"disabled\"><span class=\"todo-list__label__description\"><span class=\"text-big\" style=\"background-color:rgb(255,255,255);color:rgb(13,13,13);font-family:Arial, Helvetica, sans-serif;\">Strong communication skills and the ability to manage multiple projects are essential.</span></span></label></li></ul>"}}, {"model": "careers.career", "pk": 8, "fields": {"title": "Project Manager", "description": "<ul class=\"todo-list\"><li><label class=\"todo-list__label\"><input type=\"checkbox\" checked=\"checked\" disabled=\"disabled\"><span class=\"todo-list__label__description\"><span class=\"text-big\" style=\"background-color:rgb(255,255,255);color:rgb(13,13,13);font-family:Arial, Helvetica, sans-serif;\">We are looking for an organized Project Manager to oversee project execution, ensuring that all projects are delivered on time, within scope, and budget.&nbsp;</span></span></label></li><li><label class=\"todo-list__label\"><input type=\"checkbox\" checked=\"checked\" disabled=\"disabled\"><span class=\"todo-list__label__description\"><span class=\"text-big\" style=\"background-color:rgb(255,255,255);color:rgb(13,13,13);font-family:Arial, Helvetica, sans-serif;\">You should have excellent organizational skills, attention to detail, and experience in project management software.</span></span></label></li></ul>"}}, {"model": "careers.career", "pk": 9, "fields": {"title": "Mobile Developer", "description": "<ul class=\"todo-list\"><li><label class=\"todo-list__label\"><input type=\"checkbox\" checked=\"checked\" disabled=\"disabled\"><span class=\"todo-list__label__description\"><span class=\"text-big\" style=\"background-color:rgb(255,255,255);color:rgb(13,13,13);font-family:Arial, Helvetica, sans-serif;\">We are seeking a talented Mobile Developer to join our digital agency. In this role, you will be responsible for designing and building mobile applications for both iOS and Android platforms.&nbsp;</span></span></label></li><li><label class=\"todo-list__label\"><input type=\"checkbox\" checked=\"checked\" disabled=\"disabled\"><span class=\"todo-list__label__description\"><span class=\"text-big\" style=\"background-color:rgb(255,255,255);color:rgb(13,13,13);font-family:Arial, Helvetica, sans-serif;\">You will work closely with our design and development teams to create innovative app solutions that meet our clients’ needs.&nbsp;</span></span></label></li><li><label class=\"todo-list__label\"><input type=\"checkbox\" checked=\"checked\" disabled=\"disabled\"><span class=\"todo-list__label__description\"><span class=\"text-big\" style=\"background-color:rgb(255,255,255);color:rgb(13,13,13);font-family:Arial, Helvetica, sans-serif;\">The ideal candidate should have a strong background in mobile app development, proficiency in Swift, Kotlin, or both, and a solid understanding of the full mobile development life cycle.&nbsp;</span></span></label></li><li><label class=\"todo-list__label\"><input type=\"checkbox\" checked=\"checked\" disabled=\"disabled\"><span class=\"todo-list__label__description\"><span class=\"text-big\" style=\"background-color:rgb(255,255,255);color:rgb(13,13,13);font-family:Arial, Helvetica, sans-serif;\">Experience with cross-platform frameworks like React Native or Flutter is a plus.</span></span></label></li></ul>"}}, {"model": "posts.post", "pk": 1, "fields": {"title": "5 Ways a Digital Agency Can Revolutionize Your Business's Online Presence", "content": "<p style=\"margin-left:0px;\"><strong>Introduction</strong>:&nbsp;<br>In today's digital world, having a solid online presence is not just an option—it's necessary for business survival and growth. Partnering with a skilled digital agency like Maindo can transform your digital strategies, catapult your online visibility, and ultimately, boost your business’s bottom line. Here’s how.</p><p style=\"margin-left:0px;\"><strong>1. Tailored Web Design and Development</strong>: Your website is often the first point of interaction between your business and potential customers. Maindo Digital Agency understands this and crafts custom websites that are visually appealing and highly functional. We focus on creating user-friendly, responsive designs that ensure a seamless experience on any device, be it a desktop or a smartphone. Our websites help convert casual browsers into loyal customers by prioritizing aesthetics and usability.</p><p style=\"margin-left:0px;\"><strong>2. Cutting-Edge Mobile Applications</strong>: Mobile applications have become crucial for enhancing customer engagement with the increasing use of smartphones for everything from shopping to booking services. At Maindo, we develop intuitive and efficient mobile applications tailored to both iOS and Android platforms. Our apps offer users a convenient way to interact with your business, leading to increased customer retention and higher conversion rates.</p><p style=\"margin-left:0px;\"><strong>3. Comprehensive Digital Marketing Strategies</strong>: Navigating the complex world of digital marketing can be daunting. That's where a digital agency comes in. Maindo specializes in various digital marketing services, from SEO to social media marketing, each designed to increase your online visibility and drive targeted traffic to your website. We use data-driven strategies to ensure that your marketing efforts yield measurable results, allowing you to reach and exceed your marketing goals.</p><p style=\"margin-left:0px;\"><strong>4. Innovative Branding Solutions</strong>: A strong brand stands out in a crowded market. Maindo helps businesses develop a compelling brand identity that resonates with their target audience. From logo design to complete brand strategy development, we ensure that your brand communicates the right message and is positioned for success in your industry.</p><p style=\"margin-left:0px;\"><strong>5. Content That Converts</strong>: Content is king in the digital marketing world, and quality content can set your business apart from competitors. Maindo’s content creators specialize in crafting engaging, SEO-optimized content that attracts and retains customer attention. Whether it’s through blogs, videos, or infographics, our content strategies are tailored to inform, engage, and convert your target audience.</p><p style=\"margin-left:0px;\"><strong>Conclusion</strong>: Partnering with a digital agency like Maindo is more than an investment in digital services—it's an investment in your business's future. Our team of experts is dedicated to leveraging the latest technologies and strategies to ensure that your business survives and thrives in the digital landscape. Ready to revolutionize your online presence? Contact Maindo Digital Agency today to get started.</p><p style=\"margin-left:0px;\"><strong>Call to Action</strong>: Discover the potential of your business with Maindo. Visit our website or contact us directly to learn how we can help you transform your digital strategy.</p><p><br>&nbsp;</p>", "image": "posts/Maindo.png", "published_date": "2024-05-02T23:11:33.096Z"}}, {"model": "posts.post", "pk": 2, "fields": {"title": "Embracing Digital Innovation: Why Your Business Needs a Digital Agency Now More Than Ever", "content": "<p style=\"margin-left:0px;\"><strong>Introduction</strong>: As the digital landscape continues to evolve at a rapid pace, businesses must embrace innovation to stay competitive. A digital agency like Maindo is your perfect partner in this journey, offering expertise in digital transformation and innovative strategies that drive business success. Here’s why your business needs to leverage digital agency services now more than ever.</p><p style=\"margin-left:0px;\"><strong>1. Navigating the Complex Digital Ecosystem</strong>: The digital world is complex, with ever-changing algorithms, platforms, and user behaviors. Maindo Digital Agency stays at the forefront of all these changes, enabling your business to navigate this landscape effectively. We help you understand and use emerging technologies and platforms to your advantage, ensuring you always stay one step ahead of the competition.</p><p style=\"margin-left:0px;\"><strong>2. Customized Digital Strategies for Measurable Success</strong>: Every business is unique, and a one-size-fits-all approach doesn't work in digital marketing. Maindo specializes in creating customized digital strategies that align with your specific business goals. Whether it’s increasing brand awareness, boosting online sales, or improving customer engagement, our targeted strategies are designed to meet your objectives and provide measurable results.</p><p style=\"margin-left:0px;\"><strong>3. Enhancing Online User Experience</strong>: In the digital age, user experience (UX) can make or break your business online. Maindo focuses on optimizing the user experience across all your digital platforms. From website design to mobile app functionality, we ensure that users have a seamless and enjoyable experience, which is crucial for increasing customer retention and conversion rates.</p><p style=\"margin-left:0px;\"><strong>4. Leveraging Data for Business Growth</strong>: Data is the cornerstone of effective decision-making. Maindo utilizes advanced analytics to gather and interpret data, providing insights that drive smarter business decisions. By understanding customer behaviors and preferences, we can tailor your marketing campaigns to produce optimal outcomes.</p><p style=\"margin-left:0px;\"><strong>5. Future-Proofing Your Business</strong>: With rapid technological advancements, staying relevant is more challenging than ever. Maindo helps future-proof your business by implementing forward-thinking technologies like AI, machine learning, and automation in your marketing and operational strategies. These technologies not only improve efficiency but also enhance customer interactions and satisfaction.</p><p style=\"margin-left:0px;\"><strong>Conclusion</strong>: In a world where digital is integral to every aspect of business, partnering with a digital agency like Maindo isn’t just a strategic move—it’s an essential one. Our expertise in digital innovation and strategic implementation positions your business for success today and prepares it for the future.</p><p style=\"margin-left:0px;\"><strong>Call to Action</strong>: Don’t let your business get left behind in the digital revolution. Contact Maindo Digital Agency today to discover how we can help you innovate and succeed in the digital era.</p>", "image": "posts/Maindo_zIwX4wS.png", "published_date": "2024-05-02T23:18:19.280Z"}}, {"model": "posts.comment", "pk": 4, "fields": {"post": 2, "name": "Maindo", "email": "ludmilpaulo@hotmail.com", "content": "ludmil", "created_date": "2024-05-03T19:36:14.495Z"}}, {"model": "posts.comment", "pk": 5, "fields": {"post": 2, "name": "Maindo", "email": "ludmilpaulo@hotmail.com", "content": "ludmil", "created_date": "2024-05-03T19:36:21.055Z"}}, {"model": "posts.comment", "pk": 6, "fields": {"post": 2, "name": "Maindo", "email": "ludmilpaulo@hotmail.com", "content": "ludmil", "created_date": "2024-05-03T19:36:23.973Z"}}, {"model": "posts.comment", "pk": 7, "fields": {"post": 2, "name": "Maindo", "email": "ludmilpaulo@hotmail.com", "content": "ludmil", "created_date": "2024-05-03T19:36:26.394Z"}}, {"model": "posts.comment", "pk": 8, "fields": {"post": 2, "name": "Maindo", "email": "ludmilpaulo@hotmail.com", "content": "test", "created_date": "2024-05-03T19:47:40.139Z"}}, {"model": "posts.comment", "pk": 9, "fields": {"post": 1, "name": "ludmil", "email": "ludmilpaulo@hotmail.com", "content": "well done", "created_date": "2024-05-04T11:44:46.523Z"}}, {"model": "posts.comment", "pk": 10, "fields": {"post": 1, "name": "Maindo", "email": "ludmilpaulo@hotmail.com", "content": "wamos", "created_date": "2024-05-04T11:45:07.220Z"}}, {"model": "posts.comment", "pk": 11, "fields": {"post": 1, "name": "Juice", "email": "ludmilpaulo@hotmail.com", "content": "Nice contente", "created_date": "2024-05-04T11:45:31.733Z"}}, {"model": "posts.comment", "pk": 12, "fields": {"post": 1, "name": "ludmil", "email": "ludmilpaulo@hotmail.com", "content": "ludmil", "created_date": "2024-05-04T12:06:40.359Z"}}, {"model": "posts.comment", "pk": 13, "fields": {"post": 1, "name": "Ludmil Avelino", "email": "ludmilpaulo@hotmail.com", "content": "well done", "created_date": "2024-05-04T12:46:26.783Z"}}, {"model": "posts.comment", "pk": 14, "fields": {"post": 1, "name": "outo", "email": "ludmilpaulo@hotmail.com", "content": "dss", "created_date": "2024-05-04T12:46:57.667Z"}}, {"model": "posts.comment", "pk": 15, "fields": {"post": 1, "name": "Maindo", "email": "ludmilpaulo@hotmail.com", "content": "ludmil", "created_date": "2024-05-04T12:47:18.055Z"}}, {"model": "posts.comment", "pk": 16, "fields": {"post": 2, "name": "Muro", "email": "ludmilpaulo@hotmail.com", "content": "nice", "created_date": "2024-05-04T13:44:10.941Z"}}, {"model": "projects.project", "pk": 1, "fields": {"title": "Family Cladding", "description": "<h2 style=\"margin-left:0px;\"><strong>Project Spotlight: Family Cladding</strong></h2><p style=\"margin-left:0px;\"><strong>Client</strong>: Family Cladding Corp<br><strong>Industry</strong>: Construction and Building Materials<br><strong>Services Provided</strong>: Branding, Website Design and Development, SEO Optimization</p><h3 style=\"margin-left:0px;\"><strong>Project Overview</strong></h3><p style=\"margin-left:0px;\">Family Cladding Corp, a leading provider of innovative cladding solutions in the construction industry, approached Maindo Digital Agency seeking a comprehensive digital overhaul. The goal was to enhance their brand presence, streamline their customer engagement, and increase their market reach through a robust digital platform.</p><h3 style=\"margin-left:0px;\"><strong>Challenges</strong></h3><ul><li><p style=\"margin-left:0px;\"><strong>Outdated Digital Presence</strong>: Family Cladding's existing website was outdated and did not reflect its industry-leading position. It lacked mobile optimization and a modern design.</p></li><li><p style=\"margin-left:0px;\"><strong>Low Online Visibility</strong>: The client had minimal online presence, making it difficult for potential customers to find their services.</p></li><li><p style=\"margin-left:0px;\"><strong>Inconsistent Branding</strong>: Disparate branding elements dilute the company's professional image and market positioning.</p></li></ul><h3 style=\"margin-left:0px;\"><strong>Our Approach</strong></h3><ul><li><p style=\"margin-left:0px;\"><strong>Rebranding</strong>: We initiated a complete rebranding exercise to create a cohesive, modern brand identity that resonates with their target audience.</p></li><li><p style=\"margin-left:0px;\"><strong>Website Redesign and Development</strong>: Our team designed and developed a responsive, user-friendly website that showcases Family Cladding’s products and services. The new website is optimized for SEO, ensuring higher visibility and customer engagement.</p></li><li><p style=\"margin-left:0px;\"><strong>Content Strategy</strong>: We implemented a content strategy that included SEO-friendly content to boost search engine rankings and attract more visitors.</p></li></ul><h3 style=\"margin-left:0px;\"><strong>Results</strong></h3><ul><li><p style=\"margin-left:0px;\"><strong>Increased Web Traffic</strong>: After its launch, Family Cladding's new website saw a 70% increase in traffic within the first three months.</p></li><li><p style=\"margin-left:0px;\"><strong>Enhanced Customer Engagement</strong>: With the new website, the average session duration increased by 50%, indicating higher engagement with the content.</p></li><li><p style=\"margin-left:0px;\"><strong>Improved Brand Recognition</strong>: The rebranding efforts were met with positive feedback, significantly enhancing brand recognition in the construction industry.</p></li></ul><h3 style=\"margin-left:0px;\"><strong>Moving Forward</strong></h3><p style=\"margin-left:0px;\">Family Cladding continues collaborating with Maindo Digital Agency to refine its digital strategies and further enhance its online presence. We are committed to ensuring that its digital infrastructure supports its business growth and market expansion goals.</p>", "image": "projects/b.png", "link": "https://www.familycladding.co.za/"}}, {"model": "projects.project", "pk": 2, "fields": {"title": "AKii Tens Marketplace", "description": "<h2 style=\"margin-left:0px;\"><strong>Project Showcase: AKii Tens Marketplace</strong></h2><p style=\"margin-left:0px;\"><strong>Client</strong>: AKii Tens<br><strong>Industry</strong>: E-Commerce and Service Marketing<br><strong>Services Provided</strong>: Web and Mobile App Development, Analytics Integration</p><h3 style=\"margin-left:0px;\"><strong>Project Overview</strong></h3><p style=\"margin-left:0px;\">AKii Tens, an innovative marketplace platform, engaged Maindo Digital Agency to develop a comprehensive solution for retailers and service providers to connect with customers seamlessly. The project scope included developing a dynamic website and user-friendly mobile applications for both clients and delivery drivers, alongside powerful analytics tools to monitor business performance.</p><h3 style=\"margin-left:0px;\"><strong>Challenges</strong></h3><ul><li><p style=\"margin-left:0px;\"><strong>Multi-Vendor Integration</strong>: Creating a robust platform capable of supporting multiple shops and service providers with seamless functionality.</p></li><li><p style=\"margin-left:0px;\"><strong>User Experience</strong>: Ensuring intuitive navigation and interaction for different user groups, including clients, service providers, and drivers.</p></li><li><p style=\"margin-left:0px;\"><strong>Real-Time Analytics</strong>: Implementing a real-time analytics feature to enable businesses to track revenue and performance metrics effectively.</p></li></ul><h3 style=\"margin-left:0px;\"><strong>Our Approach</strong></h3><ul><li><p style=\"margin-left:0px;\"><strong>Platform Development</strong>: We built a responsive web platform and mobile applications optimized for both Android and iOS. These tools were designed to support multi-vendor functionalities allowing businesses to sell products and publish services effortlessly.</p></li><li><p style=\"margin-left:0px;\"><strong>Customized User Interfaces</strong>: We developed tailored user interfaces for different stakeholders, including a separate app interface for delivery drivers to manage orders efficiently.</p></li><li><p style=\"margin-left:0px;\"><strong>Analytics Features</strong>: Integrated advanced analytics dashboards that provide real-time insights into sales, customer engagement, and overall revenue, helping businesses make informed decisions.</p></li></ul><h3 style=\"margin-left:0px;\"><strong>Results</strong></h3><ul><li><p style=\"margin-left:0px;\"><strong>Enhanced Market Reach</strong>: The AKii Tens platform significantly expanded market reach for participating businesses, facilitating a broader customer base.</p></li><li><p style=\"margin-left:0px;\"><strong>Increased Efficiency</strong>: The dedicated driver app streamlined the delivery process, reducing delivery times and improving customer satisfaction.</p></li><li><p style=\"margin-left:0px;\"><strong>Data-Driven Decisions</strong>: With real-time analytics, businesses on the AKii Tens platform now have the tools to assess performance and optimize their sales strategies effectively.</p></li></ul><h3 style=\"margin-left:0px;\"><strong>Moving Forward</strong></h3><p style=\"margin-left:0px;\">As AKii Tens continues to grow and evolve, Maindo Digital Agency remains a key technology partner, ensuring the platform scales effectively and continues to meet the needs of all users. Our ongoing support and development efforts aim to keep AKii Tens at the forefront of the marketplace industry.</p>", "image": "projects/default-logo.png", "link": "https://akitens-web.vercel.app/ShopsCategories"}}, {"model": "projects.project", "pk": 3, "fields": {"title": "Kudya", "description": "<h2 style=\"margin-left:0px;\"><strong>Project Showcase: Kudya – Revolutionizing Restaurant Delivery</strong></h2><p style=\"margin-left:0px;\"><strong>Client</strong>: Kudya<br><strong>Industry</strong>: Food Service &amp; Delivery<br><strong>Services Provided</strong>: Website and Mobile App Development, Analytics Integration</p><h3 style=\"margin-left:0px;\"><strong>Project Overview</strong></h3><p style=\"margin-left:0px;\">Kudya is an innovative marketplace platform designed to transform how restaurants connect with their customers. Tasked with developing an integrated solution, Maindo Digital Agency crafted a streamlined web platform and mobile applications for clients and delivery drivers, complemented by sophisticated analytics to monitor and enhance business performance.</p><h3 style=\"margin-left:0px;\"><strong>Challenges</strong></h3><ul><li><p style=\"margin-left:0px;\"><strong>Streamlining Orders</strong>: Creating a seamless order system for users to browse, order, and receive meals from multiple restaurants.</p></li><li><p style=\"margin-left:0px;\"><strong>Enhancing Delivery Efficiency</strong>: Ensuring quick and efficient delivery capabilities to maintain food quality and customer satisfaction.</p></li><li><p style=\"margin-left:0px;\"><strong>Real-Time Business Insights</strong>: Providing restaurants with real-time analytics to track orders, revenue, and customer preferences.</p></li></ul><h3 style=\"margin-left:0px;\"><strong>Our Approach</strong></h3><ul><li><p style=\"margin-left:0px;\"><strong>Comprehensive Platform Development</strong>: We developed a responsive website and mobile apps for both iOS and Android, focusing on user-friendly interfaces for customers and functional simplicity for restaurant operators.</p></li><li><p style=\"margin-left:0px;\"><strong>Driver App Integration</strong>: A specialized mobile app for delivery drivers was created to manage pickups and deliveries efficiently, incorporating real-time navigation and order management tools.</p></li><li><p style=\"margin-left:0px;\"><strong>Advanced Analytics Dashboard</strong>: We integrated a powerful analytics dashboard that allows restaurants to track real-time data on sales, customer behavior, and operational efficiency.</p></li></ul><h3 style=\"margin-left:0px;\"><strong>Results</strong></h3><ul><li><p style=\"margin-left:0px;\"><strong>Expanded Customer Reach</strong>: Kudya has enabled participating restaurants to significantly widen their customer base, offering a convenient and reliable delivery service.</p></li><li><p style=\"margin-left:0px;\"><strong>Operational Efficiency</strong>: The tailored apps for drivers and restaurant operators streamline operations, reducing order turnaround times and increasing customer satisfaction.</p></li><li><p style=\"margin-left:0px;\"><strong>Strategic Decision Making</strong>: With access to real-time analytics, restaurants on the Kudya platform can make informed decisions that enhance their service offerings and optimize revenue.</p></li></ul><h3 style=\"margin-left:0px;\"><strong>Moving Forward</strong></h3><p style=\"margin-left:0px;\">Kudya continues to grow, adding new restaurants and expanding its customer base. Maindo Digital Agency remains a vital technology partner, ensuring the platform's scalability and introducing new features to meet evolving market demands. Our commitment to supporting Kudya underscores our dedication to helping our clients thrive in the digital economy.</p>", "image": "projects/azul.png", "link": "https://www.sdkudya.com/RestaurantDashboard"}}, {"model": "services.servicecategory", "pk": 1, "fields": {"name": "WebDevelopment and Design", "image": "", "slug": ""}}, {"model": "services.servicecategory", "pk": 2, "fields": {"name": "Mobile Development", "image": "", "slug": "Mobile_Development"}}, {"model": "services.servicecategory", "pk": 3, "fields": {"name": "Digital Marketing", "image": "", "slug": "Digital_Marketing"}}, {"model": "services.servicecategory", "pk": 4, "fields": {"name": "Branding and Creative Services", "image": "", "slug": "Branding"}}, {"model": "services.service", "pk": 1, "fields": {"category": 1, "title": "Web Development and Design", "image": "service_images/Maindo_1.png", "rating": 11, "description": "<p style=\"margin-left:0px;\">At Maindo, we create beautiful, functional websites that engage visitors and drive conversions. Our web development and design services include:</p><ul><li><p style=\"margin-left:0px;\"><strong>Responsive Design</strong>: Ensuring your website looks great and functions perfectly on all devices, from desktops to smartphones.</p></li><li><p style=\"margin-left:0px;\"><strong>E-commerce Solutions</strong>: Building robust online stores with user-friendly shopping experiences and secure payment integrations.</p></li><li><p style=\"margin-left:0px;\"><strong>CMS Integration</strong>: Implementing content management systems that allow you to easily manage and update your website content without needing technical skills.</p></li><li><p style=\"margin-left:0px;\"><strong>Maintenance and Support</strong>: Ongoing support and maintenance to keep your website running smoothly and securely.</p></li></ul>"}}, {"model": "services.service", "pk": 2, "fields": {"category": 2, "title": "Mobile Application Development", "image": "service_images/Maindo_1_qHUukDT.png", "rating": 5, "description": "<p style=\"margin-left:0px;\">Our mobile development team crafts intuitive, high-performance mobile applications tailored to meet your business needs and enhance user engagement. Our mobile app services cover:</p><ul><li><p style=\"margin-left:0px;\"><strong>iOS and Android Development</strong>: Developing native applications for the two leading mobile platforms using the latest technologies and best practices.</p></li><li><p style=\"margin-left:0px;\"><strong>Cross-Platform Solutions</strong>: Utilizing frameworks like React Native or Flutter to create cross-platform apps that offer a native-like experience on any device.</p></li><li><p style=\"margin-left:0px;\"><strong>App Store Optimization (ASO)</strong>: Enhancing app visibility and user acquisition through optimized listing practices and marketing strategies.</p></li><li><p style=\"margin-left:0px;\"><strong>Maintenance and Updates</strong>: Ensuring your app remains up-to-date with the latest OS releases and technology advancements.</p></li></ul>"}}, {"model": "services.service", "pk": 3, "fields": {"category": 3, "title": "Digital Marketing", "image": "service_images/Maindo_1_5hThylU.png", "rating": 5, "description": "<p style=\"margin-left:0px;\">Maindo offers comprehensive digital marketing strategies designed to increase visibility, engagement, and conversions. Our services include:</p><ul><li><p style=\"margin-left:0px;\"><strong>Search Engine Optimization (SEO)</strong>: Enhancing your website’s visibility in search engine results through optimized content, keyword strategy, and technical SEO practices.</p></li><li><p style=\"margin-left:0px;\"><strong>Pay-Per-Click (PPC) Advertising</strong>: Creating and managing PPC campaigns that drive targeted traffic to your website, maximizing ROI.</p></li><li><p style=\"margin-left:0px;\"><strong>Social Media Marketing</strong>: Engaging with your audience on social media platforms to build your brand, increase reach, and drive traffic.</p></li><li><p style=\"margin-left:0px;\"><strong>Content Marketing</strong>: Developing and distributing valuable, relevant, and consistent content to attract and retain a clearly defined audience.</p></li></ul><p><br>&nbsp;</p>"}}, {"model": "services.service", "pk": 4, "fields": {"category": 4, "title": "Branding and Creative Services", "image": "", "rating": 0, "description": "<p style=\"margin-left:0px;\">Our branding and creative services are designed to make your brand stand out in a crowded market. These services include:</p><ul><li><p style=\"margin-left:0px;\"><strong>Brand Strategy Development</strong>: Crafting a unique brand identity that resonates with your target audience and reflects your company values.</p></li><li><p style=\"margin-left:0px;\"><strong>Logo Design and Visual Identity</strong>: Creating a visual identity that effectively communicates your brand and is memorable to consumers.</p></li><li><p style=\"margin-left:0px;\"><strong>Packaging Design</strong>: Designing attractive and practical packaging that enhances the unboxing experience and strengthens brand recognition.</p></li><li><p style=\"margin-left:0px;\"><strong>Graphic Design</strong>: Producing a wide range of graphics, from web assets to print materials, that maintain brand consistency across all channels.</p></li></ul>"}}]