[
  {
    "model": "tasks.board",
    "pk": 1,
    "fields": {
      "name": "Main Project Board",
      "description": "Main development board.",
      "status": "Started"
    }
  },
  {
    "model": "tasks.board",
    "pk": 2,
    "fields": {
      "name": "Marketing Board",
      "description": "Marketing tasks and campaigns.",
      "status": "In Progress"
    }
  },
  {
    "model": "tasks.board",
    "pk": 3,
    "fields": {
      "name": "Support Board",
      "description": "Support and client queries.",
      "status": "Concluded"
    }
  },
  { "model": "tasks.list", "pk": 1, "fields": { "name": "To Do", "board": 1 } },
  { "model": "tasks.list", "pk": 2, "fields": { "name": "In Progress", "board": 1 } },
  { "model": "tasks.list", "pk": 3, "fields": { "name": "To Do", "board": 2 } },
  { "model": "tasks.list", "pk": 4, "fields": { "name": "In Progress", "board": 2 } },
  { "model": "tasks.list", "pk": 5, "fields": { "name": "To Do", "board": 3 } },
  { "model": "tasks.list", "pk": 6, "fields": { "name": "In Progress", "board": 3 } },
  { "model": "tasks.card", "pk": 1, "fields": { "title": "Set up backend API", "description": "Create backend endpoints for users.", "status": "Not Started", "list": 1, "start_date": "2025-07-10", "due_date": "2025-07-13", "assignees": [1] } },
  { "model": "tasks.card", "pk": 2, "fields": { "title": "User registration", "description": "Implement user registration logic.", "status": "In Progress", "list": 2, "start_date": "2025-07-14", "due_date": "2025-07-17", "assignees": [1] } },
  { "model": "tasks.card", "pk": 3, "fields": { "title": "JWT Authentication", "description": "Secure APIs with JWT.", "status": "Completed", "list": 1, "start_date": "2025-07-18", "due_date": "2025-07-19", "assignees": [1] } },
  { "model": "tasks.card", "pk": 4, "fields": { "title": "Email Notifications", "description": "Send email notifications to users.", "status": "Not Started", "list": 2, "start_date": "2025-07-20", "due_date": "2025-07-22", "assignees": [1] } },
  { "model": "tasks.card", "pk": 5, "fields": { "title": "Admin Panel UI", "description": "Improve admin panel design.", "status": "In Progress", "list": 1, "start_date": "2025-07-10", "due_date": "2025-07-13", "assignees": [1] } },
  { "model": "tasks.card", "pk": 6, "fields": { "title": "Setup Postgres", "description": "Migrate DB to Postgres.", "status": "Not Started", "list": 3, "start_date": "2025-07-14", "due_date": "2025-07-18", "assignees": [1] } },
  { "model": "tasks.card", "pk": 7, "fields": { "title": "Project Kanban", "description": "Configure Kanban board.", "status": "Not Started", "list": 4, "start_date": "2025-07-18", "due_date": "2025-07-22", "assignees": [1] } },
  { "model": "tasks.card", "pk": 8, "fields": { "title": "Landing Page", "description": "Create product landing page.", "status": "In Progress", "list": 5, "start_date": "2025-07-23", "due_date": "2025-07-25", "assignees": [1] } },
  { "model": "tasks.card", "pk": 9, "fields": { "title": "Team Review", "description": "Review team progress.", "status": "Not Started", "list": 6, "start_date": "2025-07-20", "due_date": "2025-07-22", "assignees": [1] } },
  { "model": "tasks.card", "pk": 10, "fields": { "title": "Refactor code", "description": "Cleanup old code.", "status": "Completed", "list": 6, "start_date": "2025-07-26", "due_date": "2025-07-30", "assignees": [1] } },
  { "model": "tasks.card", "pk": 11, "fields": { "title": "Client onboarding", "description": "Onboard new client.", "status": "Not Started", "list": 1, "start_date": "2025-07-10", "due_date": "2025-07-13", "assignees": [2] } },
  { "model": "tasks.card", "pk": 12, "fields": { "title": "Legal review", "description": "Review client contract.", "status": "In Progress", "list": 2, "start_date": "2025-07-14", "due_date": "2025-07-17", "assignees": [2] } },
  { "model": "tasks.card", "pk": 13, "fields": { "title": "New campaign", "description": "Launch campaign.", "status": "Completed", "list": 3, "start_date": "2025-07-18", "due_date": "2025-07-19", "assignees": [2] } },
  { "model": "tasks.card", "pk": 14, "fields": { "title": "Newsletter", "description": "Draft newsletter.", "status": "Not Started", "list": 4, "start_date": "2025-07-20", "due_date": "2025-07-22", "assignees": [2] } },
  { "model": "tasks.card", "pk": 15, "fields": { "title": "SEO Audit", "description": "Audit site SEO.", "status": "In Progress", "list": 1, "start_date": "2025-07-10", "due_date": "2025-07-13", "assignees": [2] } },
  { "model": "tasks.card", "pk": 16, "fields": { "title": "Keyword Research", "description": "Identify keywords.", "status": "Not Started", "list": 2, "start_date": "2025-07-14", "due_date": "2025-07-18", "assignees": [2] } },
  { "model": "tasks.card", "pk": 17, "fields": { "title": "Social Posting", "description": "Schedule posts.", "status": "Not Started", "list": 3, "start_date": "2025-07-18", "due_date": "2025-07-22", "assignees": [2] } },
  { "model": "tasks.card", "pk": 18, "fields": { "title": "Market Research", "description": "Analyze competitors.", "status": "In Progress", "list": 4, "start_date": "2025-07-23", "due_date": "2025-07-25", "assignees": [2] } },
  { "model": "tasks.card", "pk": 19, "fields": { "title": "Brand Guidelines", "description": "Update brand doc.", "status": "Not Started", "list": 5, "start_date": "2025-07-20", "due_date": "2025-07-22", "assignees": [2] } },
  { "model": "tasks.card", "pk": 20, "fields": { "title": "Refactor landing", "description": "Revise landing page.", "status": "Completed", "list": 6, "start_date": "2025-07-26", "due_date": "2025-07-30", "assignees": [2] } },
  { "model": "tasks.card", "pk": 21, "fields": { "title": "Task 1 for Jane", "description": "Task 1 desc", "status": "Not Started", "list": 1, "start_date": "2025-07-10", "due_date": "2025-07-13", "assignees": [3] } },
  { "model": "tasks.card", "pk": 22, "fields": { "title": "Task 2 for Jane", "description": "Task 2 desc", "status": "In Progress", "list": 2, "start_date": "2025-07-14", "due_date": "2025-07-17", "assignees": [3] } },
  { "model": "tasks.card", "pk": 23, "fields": { "title": "Task 3 for Jane", "description": "Task 3 desc", "status": "Completed", "list": 3, "start_date": "2025-07-18", "due_date": "2025-07-19", "assignees": [3] } },
  { "model": "tasks.card", "pk": 24, "fields": { "title": "Task 4 for Jane", "description": "Task 4 desc", "status": "Not Started", "list": 4, "start_date": "2025-07-20", "due_date": "2025-07-22", "assignees": [3] } },
  { "model": "tasks.card", "pk": 25, "fields": { "title": "Task 5 for Jane", "description": "Task 5 desc", "status": "In Progress", "list": 5, "start_date": "2025-07-10", "due_date": "2025-07-13", "assignees": [3] } },
  { "model": "tasks.card", "pk": 26, "fields": { "title": "Task 6 for Jane", "description": "Task 6 desc", "status": "Not Started", "list": 6, "start_date": "2025-07-14", "due_date": "2025-07-18", "assignees": [3] } },
  { "model": "tasks.card", "pk": 27, "fields": { "title": "Task 7 for Jane", "description": "Task 7 desc", "status": "Not Started", "list": 1, "start_date": "2025-07-18", "due_date": "2025-07-22", "assignees": [3] } },
  { "model": "tasks.card", "pk": 28, "fields": { "title": "Task 8 for Jane", "description": "Task 8 desc", "status": "In Progress", "list": 2, "start_date": "2025-07-23", "due_date": "2025-07-25", "assignees": [3] } },
  { "model": "tasks.card", "pk": 29, "fields": { "title": "Task 9 for Jane", "description": "Task 9 desc", "status": "Not Started", "list": 3, "start_date": "2025-07-20", "due_date": "2025-07-22", "assignees": [3] } },
  { "model": "tasks.card", "pk": 30, "fields": { "title": "Task 10 for Jane", "description": "Task 10 desc", "status": "Completed", "list": 4, "start_date": "2025-07-26", "due_date": "2025-07-30", "assignees": [3] } },
  { "model": "tasks.card", "pk": 31, "fields": { "title": "Task 1 for Freelance1", "description": "Task 1 desc", "status": "Not Started", "list": 1, "start_date": "2025-07-10", "due_date": "2025-07-13", "assignees": [4] } },
  { "model": "tasks.card", "pk": 32, "fields": { "title": "Task 2 for Freelance1", "description": "Task 2 desc", "status": "In Progress", "list": 2, "start_date": "2025-07-14", "due_date": "2025-07-17", "assignees": [4] } },
  { "model": "tasks.card", "pk": 33, "fields": { "title": "Task 3 for Freelance1", "description": "Task 3 desc", "status": "Completed", "list": 3, "start_date": "2025-07-18", "due_date": "2025-07-19", "assignees": [4] } },
  { "model": "tasks.card", "pk": 34, "fields": { "title": "Task 4 for Freelance1", "description": "Task 4 desc", "status": "Not Started", "list": 4, "start_date": "2025-07-20", "due_date": "2025-07-22", "assignees": [4] } },
  { "model": "tasks.card", "pk": 35, "fields": { "title": "Task 5 for Freelance1", "description": "Task 5 desc", "status": "In Progress", "list": 5, "start_date": "2025-07-10", "due_date": "2025-07-13", "assignees": [4] } },
  { "model": "tasks.card", "pk": 36, "fields": { "title": "Task 6 for Freelance1", "description": "Task 6 desc", "status": "Not Started", "list": 6, "start_date": "2025-07-14", "due_date": "2025-07-18", "assignees": [4] } },
  { "model": "tasks.card", "pk": 37, "fields": { "title": "Task 7 for Freelance1", "description": "Task 7 desc", "status": "Not Started", "list": 1, "start_date": "2025-07-18", "due_date": "2025-07-22", "assignees": [4] } },
  { "model": "tasks.card", "pk": 38, "fields": { "title": "Task 8 for Freelance1", "description": "Task 8 desc", "status": "In Progress", "list": 2, "start_date": "2025-07-23", "due_date": "2025-07-25", "assignees": [4] } },
  { "model": "tasks.card", "pk": 39, "fields": { "title": "Task 9 for Freelance1", "description": "Task 9 desc", "status": "Not Started", "list": 3, "start_date": "2025-07-20", "due_date": "2025-07-22", "assignees": [4] } },
  { "model": "tasks.card", "pk": 40, "fields": { "title": "Task 10 for Freelance1", "description": "Task 10 desc", "status": "Completed", "list": 4, "start_date": "2025-07-26", "due_date": "2025-07-30", "assignees": [4] } },
  { "model": "tasks.card", "pk": 41, "fields": { "title": "Task 1 for ClientBasic", "description": "Task 1 desc", "status": "Not Started", "list": 1, "start_date": "2025-07-10", "due_date": "2025-07-13", "assignees": [5] } },
  { "model": "tasks.card", "pk": 42, "fields": { "title": "Task 2 for ClientBasic", "description": "Task 2 desc", "status": "In Progress", "list": 2, "start_date": "2025-07-14", "due_date": "2025-07-17", "assignees": [5] } },
  { "model": "tasks.card", "pk": 43, "fields": { "title": "Task 3 for ClientBasic", "description": "Task 3 desc", "status": "Completed", "list": 3, "start_date": "2025-07-18", "due_date": "2025-07-19", "assignees": [5] } },
  { "model": "tasks.card", "pk": 44, "fields": { "title": "Task 4 for ClientBasic", "description": "Task 4 desc", "status": "Not Started", "list": 4, "start_date": "2025-07-20", "due_date": "2025-07-22", "assignees": [5] } },
  { "model": "tasks.card", "pk": 45, "fields": { "title": "Task 5 for ClientBasic", "description": "Task 5 desc", "status": "In Progress", "list": 5, "start_date": "2025-07-10", "due_date": "2025-07-13", "assignees": [5] } },
  { "model": "tasks.card", "pk": 46, "fields": { "title": "Task 6 for ClientBasic", "description": "Task 6 desc", "status": "Not Started", "list": 6, "start_date": "2025-07-14", "due_date": "2025-07-18", "assignees": [5] } },
  { "model": "tasks.card", "pk": 47, "fields": { "title": "Task 7 for ClientBasic", "description": "Task 7 desc", "status": "Not Started", "list": 1, "start_date": "2025-07-18", "due_date": "2025-07-22", "assignees": [5] } },
  { "model": "tasks.card", "pk": 48, "fields": { "title": "Task 8 for ClientBasic", "description": "Task 8 desc", "status": "In Progress", "list": 2, "start_date": "2025-07-23", "due_date": "2025-07-25", "assignees": [5] } },
  { "model": "tasks.card", "pk": 49, "fields": { "title": "Task 9 for ClientBasic", "description": "Task 9 desc", "status": "Not Started", "list": 3, "start_date": "2025-07-20", "due_date": "2025-07-22", "assignees": [5] } },
  { "model": "tasks.card", "pk": 50, "fields": { "title": "Task 10 for ClientBasic", "description": "Task 10 desc", "status": "Completed", "list": 4, "start_date": "2025-07-26", "due_date": "2025-07-30", "assignees": [5] } },
  { "model": "tasks.card", "pk": 51, "fields": { "title": "Task 1 for Test", "description": "Task 1 desc", "status": "Not Started", "list": 1, "start_date": "2025-07-10", "due_date": "2025-07-13", "assignees": [6] } },
  { "model": "tasks.card", "pk": 52, "fields": { "title": "Task 2 for Test", "description": "Task 2 desc", "status": "In Progress", "list": 2, "start_date": "2025-07-14", "due_date": "2025-07-17", "assignees": [6] } },
  { "model": "tasks.card", "pk": 53, "fields": { "title": "Task 3 for Test", "description": "Task 3 desc", "status": "Completed", "list": 3, "start_date": "2025-07-18", "due_date": "2025-07-19", "assignees": [6] } },
  { "model": "tasks.card", "pk": 54, "fields": { "title": "Task 4 for Test", "description": "Task 4 desc", "status": "Not Started", "list": 4, "start_date": "2025-07-20", "due_date": "2025-07-22", "assignees": [6] } },
  { "model": "tasks.card", "pk": 55, "fields": { "title": "Task 5 for Test", "description": "Task 5 desc", "status": "In Progress", "list": 5, "start_date": "2025-07-10", "due_date": "2025-07-13", "assignees": [6] } },
  { "model": "tasks.card", "pk": 56, "fields": { "title": "Task 6 for Test", "description": "Task 6 desc", "status": "Not Started", "list": 6, "start_date": "2025-07-14", "due_date": "2025-07-18", "assignees": [6] } },
  { "model": "tasks.card", "pk": 57, "fields": { "title": "Task 7 for Test", "description": "Task 7 desc", "status": "Not Started", "list": 1, "start_date": "2025-07-18", "due_date": "2025-07-22", "assignees": [6] } },
  { "model": "tasks.card", "pk": 58, "fields": { "title": "Task 8 for Test", "description": "Task 8 desc", "status": "In Progress", "list": 2, "start_date": "2025-07-23", "due_date": "2025-07-25", "assignees": [6] } },
  { "model": "tasks.card", "pk": 59, "fields": { "title": "Task 9 for Test", "description": "Task 9 desc", "status": "Not Started", "list": 3, "start_date": "2025-07-20", "due_date": "2025-07-22", "assignees": [6] } },
  { "model": "tasks.card", "pk": 60, "fields": { "title": "Task 10 for Test", "description": "Task 10 desc", "status": "Completed", "list": 4, "start_date": "2025-07-26", "due_date": "2025-07-30", "assignees": [6] } },
  { "model": "tasks.card", "pk": 61, "fields": { "title": "Task 1 for Admin", "description": "Task 1 desc", "status": "Not Started", "list": 1, "start_date": "2025-07-10", "due_date": "2025-07-13", "assignees": [7] } },
  { "model": "tasks.card", "pk": 62, "fields": { "title": "Task 2 for Admin", "description": "Task 2 desc", "status": "In Progress", "list": 2, "start_date": "2025-07-14", "due_date": "2025-07-17", "assignees": [7] } },
  { "model": "tasks.card", "pk": 63, "fields": { "title": "Task 3 for Admin", "description": "Task 3 desc", "status": "Completed", "list": 3, "start_date": "2025-07-18", "due_date": "2025-07-19", "assignees": [7] } },
  { "model": "tasks.card", "pk": 64, "fields": { "title": "Task 4 for Admin", "description": "Task 4 desc", "status": "Not Started", "list": 4, "start_date": "2025-07-20", "due_date": "2025-07-22", "assignees": [7] } },
  { "model": "tasks.card", "pk": 65, "fields": { "title": "Task 5 for Admin", "description": "Task 5 desc", "status": "In Progress", "list": 5, "start_date": "2025-07-10", "due_date": "2025-07-13", "assignees": [7] } },
  { "model": "tasks.card", "pk": 66, "fields": { "title": "Task 6 for Admin", "description": "Task 6 desc", "status": "Not Started", "list": 6, "start_date": "2025-07-14", "due_date": "2025-07-18", "assignees": [7] } },
  { "model": "tasks.card", "pk": 67, "fields": { "title": "Task 7 for Admin", "description": "Task 7 desc", "status": "Not Started", "list": 1, "start_date": "2025-07-18", "due_date": "2025-07-22", "assignees": [7] } },
  { "model": "tasks.card", "pk": 68, "fields": { "title": "Task 8 for Admin", "description": "Task 8 desc", "status": "In Progress", "list": 2, "start_date": "2025-07-23", "due_date": "2025-07-25", "assignees": [7] } },
  { "model": "tasks.card", "pk": 69, "fields": { "title": "Task 9 for Admin", "description": "Task 9 desc", "status": "Not Started", "list": 3, "start_date": "2025-07-20", "due_date": "2025-07-22", "assignees": [7] } },
  { "model": "tasks.card", "pk": 70, "fields": { "title": "Task 10 for Admin", "description": "Task 10 desc", "status": "Completed", "list": 4, "start_date": "2025-07-26", "due_date": "2025-07-30", "assignees": [7] } }
]
